-0.19719143211841583,-0.011859622783958912,-1.7988697881344706
-0.1985906958580017,-0.011359653435647488,-1.7968947763554752
-0.19382423162460327,-0.015019448474049568,-1.7944406817667187
-0.1930297315120697,-0.016752712428569794,-1.7956970443017781
-0.1994393914937973,-0.01764259673655033,-1.7966452757362277
-0.1994393914937973,-0.01764259673655033,-1.7966452757362277
-0.1994393914937973,-0.01764259673655033,-1.7966452757362277
-0.18590472638607025,-0.010140441358089447,-1.7966654404997826
-0.19819968938827515,-0.01740087755024433,-1.799425885733217
-0.19819968938827515,-0.01740087755024433,-1.799425885733217
-0.19819968938827515,-0.01740087755024433,-1.799425885733217
-0.19819968938827515,-0.01740087755024433,-1.799425885733217
-0.18254543840885162,0.015434185974299908,-1.7887775769457221
-0.18254543840885162,0.015434185974299908,-1.7887775769457221
-0.1489478051662445,0.1601458638906479,-1.758928007632494
-0.10435928404331207,0.23041680455207825,-1.7441005401313305
-0.01397668942809105,0.47851669788360596,-1.6951500877738
0.1871969997882843,0.7312325835227966,-1.6366605639457703
0.23417814075946808,0.9287244081497192,-1.6727562427520752
0.4533913731575012,1.1813669204711914,-1.5371700704097748
0.4533913731575012,1.1813669204711914,-1.5371700704097748
0.8842383623123169,1.7175662517547607,-1.4158071756362915
1.3801774978637695,2.1440911293029785,-1.3187679827213288
1.6882596015930176,2.3069257736206055,-1.2841123819351197
2.134124517440796,2.4885640144348145,-1.2434401392936707
2.665057897567749,2.8366470336914062,-1.1678265810012818
3.503330945968628,3.316462278366089,-1.0766781449317933
4.003955841064453,3.5376131534576416,-1.0365328073501587
4.740180969238281,3.8390631675720215,-0.9694453358650208
5.142265796661377,3.9861690998077393,-0.9515682339668274
5.754953384399414,4.173015594482422,-0.9141732335090638
6.922149658203125,4.4752936363220215,-0.862157690525055
7.16692590713501,4.527166366577148,-0.8532132387161255
8.435470581054688,4.823878288269043,-0.795768427848816
8.435470581054688,4.823878288269043,-0.795768427848816
8.435470581054688,4.823878288269043,-0.795768427848816
8.435470581054688,4.823878288269043,-0.795768427848816
8.435470581054688,4.823878288269043,-0.795768427848816
8.435470581054688,4.823878288269043,-0.795768427848816
8.435470581054688,4.823878288269043,-0.795768427848816
12.089277267456055,5.257777214050293,-0.7088973999023438
15.805569648742676,6.012908458709717,-0.5411600351333619
16.534412384033203,6.123283863067627,-0.5247159481048584
16.534412384033203,6.123283863067627,-0.5247159481048584
17.873273849487305,6.306636810302734,-0.48953478336334233
18.413543701171875,6.388805389404297,-0.46982495784759526
21.148210525512695,6.743765354156494,-0.41543059349060063
21.934904098510742,6.850922584533691,-0.40617065429687504
21.934904098510742,6.850922584533691,-0.40617065429687504
24.320940017700195,7.17304801940918,-0.3082694292068482
25.287893295288086,7.276340961456299,-0.26947097778320317
26.051664352416992,7.360444068908691,-0.24465231895446782
27.125843048095703,7.4838032722473145,-0.20859591960906987
27.954076766967773,7.570313930511475,-0.17715685367584233
29.585580825805664,7.7584686279296875,-0.14367001056671147
30.374971389770508,7.834089756011963,-0.10603253841400151
30.374971389770508,7.834089756011963,-0.10603253841400151
32.06977462768555,8.00445556640625,-0.058179783821106
32.976898193359375,8.096653938293457,-0.02774899005889897
34.280330657958984,8.229679107666016,0.015513968467712358
35.025184631347656,8.322759628295898,0.04272217750549312
35.29671859741211,8.356159210205078,0.05751128196716304
36.13074493408203,8.469569206237793,0.08379776477813716
36.889583587646484,8.572661399841309,0.11367065906524654
37.441368103027344,8.641786575317383,0.1375832080841064
38.23024368286133,8.743575096130371,0.12657864093780513
38.98359680175781,8.815799713134766,0.188052487373352
40.57795715332031,8.981485366821289,0.24120159149169917
41.36418533325195,9.063645362854004,0.27513523101806636
41.36418533325195,9.063645362854004,0.27513523101806636
42.77113723754883,9.220428466796875,0.31980915069580074
44.064945220947266,9.36210823059082,0.36264081001281734
44.838035583496094,9.447973251342773,0.3913201808929443
45.85865020751953,9.565535545349121,0.4242462635040283
47.21817398071289,9.722769737243652,0.47172851562499996
48.522369384765625,9.877543449401855,0.5167049884796142
49.31874465942383,9.972894668579102,0.5445262908935546
51.49213790893555,10.233025550842285,0.6134118556976318
51.81642150878906,10.271916389465332,0.6258055686950683
53.01404571533203,10.417688369750977,0.6634325504302978
53.800453186035156,10.514813423156738,0.6924225807189941
54.38173294067383,10.586053848266602,0.7089247226715087
56.16817092895508,10.801009178161621,0.7701346397399902
56.90169143676758,10.893159866333008,0.792116117477417
59.442684173583984,11.204629898071289,0.8907799243927002
59.73625183105469,11.242783546447754,0.9096383571624755
60.94029998779297,11.385808944702148,0.9496132850646972
61.831607818603516,11.495594024658203,0.9834362983703613
63.65676498413086,11.7195463180542,1.0531084060668945
64.2596664428711,11.79032039642334,1.0784568309783935
65.39629364013672,11.91850471496582,1.1294149875640869
65.39629364013672,11.91850471496582,1.1294149875640869
65.39629364013672,11.91850471496582,1.1294149875640869
65.39629364013672,11.91850471496582,1.1294149875640869
68.37836456298828,12.272964477539062,1.2435225963592529
70.69335174560547,12.540178298950195,1.3446545124053955
71.26892852783203,12.646259307861328,1.3024606227874755
72.44335174560547,12.744173049926758,1.4181103229522705
73.00057983398438,12.814396858215332,1.448584508895874
73.5181884765625,12.875276565551758,1.4723488807678222
75.34651184082031,13.101827621459961,1.5449029922485351
76.31771850585938,13.21558952331543,1.5797945976257324
78.43018341064453,13.46274471282959,1.659813356399536
79.00496673583984,13.535839080810547,1.6810242652893066
79.84398651123047,13.625143051147461,1.7178179740905761
80.77227783203125,13.736481666564941,1.7506472587585449
81.67723846435547,13.8336820602417,1.788620662689209
82.9564208984375,13.98746395111084,1.8423497200012207
84.18881225585938,14.123920440673828,1.897462797164917
85.12666320800781,14.230093002319336,1.9407371997833252
86.3753890991211,14.376554489135742,2.0020143508911135
87.95414733886719,14.564454078674316,2.0727893829345705
88.84851837158203,14.670135498046875,2.1080352783203127
89.96723937988281,14.808208465576172,2.1544451236724855
90.88648986816406,14.9248046875,2.1848263263702394
91.8281478881836,15.042332649230957,2.2217499732971193
94.13298034667969,15.345073699951172,2.2425486564636232
95.05669403076172,15.439177513122559,2.3669745445251467
95.33511352539062,15.471940040588379,2.3822166442871096
95.68202209472656,15.51279354095459,2.3975617408752443
96.67568969726562,15.630751609802246,2.4484750747680666
98.1308364868164,15.801441192626953,2.5278064727783205
98.47765350341797,15.843546867370605,2.5416128158569338
98.47765350341797,15.843546867370605,2.5416128158569338
103.39031982421875,16.420000076293945,2.7854101181030275
103.73786163330078,16.459550857543945,2.7989055633544924
104.05211639404297,16.49808692932129,2.810595226287842
104.38351440429688,16.5308895111084,2.8281514167785646
105.32080841064453,16.634185791015625,2.8680369377136232
107.50296020507812,16.882741928100586,2.9745633125305178
109.18399047851562,17.06686019897461,3.0593401908874513
109.50920104980469,17.10896110534668,3.0773016929626467
109.80252075195312,17.13743019104004,3.093617153167725
109.80252075195312,17.13743019104004,3.093617153167725
112.4758071899414,17.43379020690918,3.2257759094238283
113.69107055664062,17.569055557250977,3.278584671020508
113.69107055664062,17.569055557250977,3.278584671020508
114.54459381103516,17.66141700744629,3.2982837677001955
117.00078582763672,17.925012588500977,3.3658749580383303
118.37020874023438,18.074647903442383,3.4033071517944338
119.15632629394531,18.16146469116211,3.42891902923584
119.3932113647461,18.182884216308594,3.444618892669678
121.33892059326172,18.387741088867188,3.5529181480407717
123.9494400024414,18.658918380737305,3.68151969909668
124.75840759277344,18.742794036865234,3.727528285980225
125.07439422607422,18.771366119384766,3.747750473022461
125.4521484375,18.842090606689453,3.7024380683898928
127.22476959228516,18.99393081665039,3.8555047035217287
128.63165283203125,19.148344039916992,3.929339122772217
130.5772247314453,19.357532501220703,4.022474002838135
130.5772247314453,19.357532501220703,4.022474002838135
131.6259765625,19.473556518554688,4.0856372833251955
131.6259765625,19.473556518554688,4.0856372833251955
132.69796752929688,19.591232299804688,4.141040515899658
132.97549438476562,19.62101173400879,4.151737880706787
132.97549438476562,19.62101173400879,4.151737880706787
136.5955810546875,20.033409118652344,4.333113384246826
138.40478515625,20.238422393798828,4.4224998474121096
140.9824981689453,20.537904739379883,4.560504627227783
142.30148315429688,20.68678855895996,4.633967113494873
142.63356018066406,20.728288650512695,4.6519166946411135
144.94786071777344,21.005859375,4.762210083007813
145.96389770507812,21.122697830200195,4.810611438751221
147.24855041503906,21.272825241088867,4.915057373046875
147.92530822753906,21.340749740600586,4.9506957054138185
149.5188751220703,21.531946182250977,5.045911979675293
150.84173583984375,21.687467575073242,5.110012245178223
152.09231567382812,21.830860137939453,5.189414215087891
153.12673950195312,21.949186325073242,5.243081760406494
154.4589080810547,22.10428237915039,5.323769283294678
155.1329803466797,22.182790756225586,5.3499757766723635
157.16888427734375,22.413000106811523,5.466350746154785
158.5087127685547,22.561845779418945,5.5500561714172365
159.77516174316406,22.707704544067383,5.633854103088379
161.02696228027344,22.848464965820312,5.726823997497559
161.93038940429688,22.946918487548828,5.779843997955322
162.84080505371094,23.045141220092773,5.833026599884033
164.34666442871094,23.222854614257812,5.913592529296875
165.50143432617188,23.352825164794922,5.976398181915283
166.0494384765625,23.41916847229004,6.005784225463867
166.89028930664062,23.514755249023438,6.050174903869629
168.8450927734375,23.743560791015625,6.167097759246826
169.9715118408203,23.86878204345703,6.223531913757324
170.7801513671875,23.96100616455078,6.26638240814209
171.60308837890625,24.050939559936523,6.308736038208008
172.44219970703125,24.138891220092773,6.351227951049805
174.07098388671875,24.346668243408203,6.453701210021973
175.4015350341797,24.541669845581055,6.541979026794434
175.67898559570312,24.5831241607666,6.552994918823242
177.47433471679688,24.924880981445312,6.619313430786133
177.75074768066406,24.981054306030273,6.700306129455567
179.31613159179688,25.417587280273438,6.834919166564942
180.86166381835938,25.979616165161133,6.987110328674317
181.86105346679688,26.39544105529785,7.093458366394043
182.3411865234375,26.62087631225586,7.152610969543457
183.2493896484375,27.074045181274414,7.263753128051758
184.40184020996094,27.580936431884766,7.398128700256348
184.40184020996094,27.580936431884766,7.398128700256348
185.5383758544922,28.011852264404297,7.51525993347168
186.01119995117188,28.1308536529541,7.559672546386719
187.22593688964844,28.331146240234375,7.641856384277344
188.17446899414062,28.379236221313477,7.685234260559082
188.66091918945312,28.371044158935547,7.706208419799805
189.5944061279297,28.250699996948242,7.737083625793457
190.0208740234375,28.142658233642578,7.72750301361084
191.1055145263672,27.779199600219727,7.720216941833496
191.84588623046875,27.361160278320312,7.6801902770996096
192.69488525390625,26.825180053710938,7.631832313537598
193.42965698242188,26.07196807861328,7.5581199645996096
193.5483856201172,25.90353012084961,7.536965560913086
193.8872833251953,25.283246994018555,7.460546684265137
193.8872833251953,25.283246994018555,7.460546684265137
194.0480499267578,24.164108276367188,7.3152515411376955
194.22727966308594,23.860607147216797,7.2718507766723635
194.22727966308594,23.860607147216797,7.2718507766723635
194.20912170410156,22.904542922973633,7.115475845336914
193.999755859375,21.94816017150879,6.938546371459961
193.999755859375,21.94816017150879,6.938546371459961
193.60011291503906,20.978012084960938,6.746698570251465
193.27520751953125,20.44640350341797,6.630237770080567
193.0802001953125,20.22089385986328,6.577326011657715
192.6296844482422,19.72580909729004,6.458516311645508
192.24771118164062,19.41811752319336,6.389189910888672
191.97540283203125,19.247608184814453,6.337946128845215
191.6576690673828,19.058549880981445,6.285738182067871
190.88365173339844,18.633317947387695,6.162483882904053
190.39944458007812,18.400991439819336,6.09777946472168
189.3338623046875,18.006275177001953,5.96239538192749
187.99118041992188,17.623485565185547,5.844044399261475
187.41018676757812,17.456401824951172,5.7901145935058596
187.20462036132812,17.400909423828125,5.772351932525635
186.61366271972656,17.257184982299805,5.722204875946045
185.203857421875,17.027719497680664,5.613214683532715
185.203857421875,17.027719497680664,5.613214683532715
185.203857421875,17.027719497680664,5.613214683532715
185.203857421875,17.027719497680664,5.613214683532715
185.203857421875,17.027719497680664,5.613214683532715
185.203857421875,17.027719497680664,5.613214683532715
180.71694946289062,16.6456241607666,5.302299690246582
180.0590057373047,16.605018615722656,5.308757972717285
178.92990112304688,16.527469635009766,5.255819034576416
178.70741271972656,16.5147647857666,5.241764736175537
177.83404541015625,16.457956314086914,5.203045082092285
176.0764617919922,16.308551788330078,5.1127721786499025
175.22042846679688,16.244661331176758,5.021662902832031
174.3314971923828,16.154582977294922,5.025166702270508
173.6756591796875,16.105918884277344,4.99100513458252
173.2337646484375,16.063541412353516,4.968484115600586
173.2337646484375,16.063541412353516,4.968484115600586
173.2337646484375,16.063541412353516,4.968484115600586
170.8461456298828,15.85041618347168,4.836598587036133
169.96713256835938,15.769039154052734,4.787183952331543
168.619384765625,15.644644737243652,4.669148635864258
168.619384765625,15.644644737243652,4.669148635864258
168.619384765625,15.644644737243652,4.669148635864258
168.619384765625,15.644644737243652,4.669148635864258
168.619384765625,15.644644737243652,4.669148635864258
164.70730590820312,15.24162769317627,4.480542850494385
163.53150939941406,15.114459991455078,4.423611354827881
162.6302032470703,15.026346206665039,4.368015480041504
161.9283447265625,14.9576997756958,4.329893302917481
161.48854064941406,14.909309387207031,4.306906890869141
160.54403686523438,14.79755973815918,4.243211936950684
160.54403686523438,14.79755973815918,4.243211936950684
160.54403686523438,14.79755973815918,4.243211936950684
160.54403686523438,14.79755973815918,4.243211936950684
160.54403686523438,14.79755973815918,4.243211936950684
160.54403686523438,14.79755973815918,4.243211936950684
160.54403686523438,14.79755973815918,4.243211936950684
160.54403686523438,14.79755973815918,4.243211936950684
160.54403686523438,14.79755973815918,4.243211936950684
160.54403686523438,14.79755973815918,4.243211936950684
160.54403686523438,14.79755973815918,4.243211936950684
160.54403686523438,14.79755973815918,4.243211936950684
160.54403686523438,14.79755973815918,4.243211936950684
160.54403686523438,14.79755973815918,4.243211936950684
160.54403686523438,14.79755973815918,4.243211936950684
156.87933349609375,14.355732917785645,4.021709632873535
153.25137329101562,13.945605278015137,3.806386184692383
149.583251953125,13.54010009765625,3.5562393188476564
148.33424377441406,13.388351440429688,3.539910984039307
147.44883728027344,13.283802032470703,3.4893495559692385
145.02239990234375,12.98291301727295,3.3480083465576174
143.8804473876953,12.867940902709961,3.272053909301758
142.92391967773438,12.758543968200684,3.2355534553527834
141.94476318359375,12.630453109741211,3.166232776641846
140.69200134277344,12.47999382019043,3.1149971008300783
139.9960174560547,12.389070510864258,3.058782768249512
139.27084350585938,12.301703453063965,3.0378720283508303
137.5933837890625,12.117775917053223,2.935723972320557
137.11810302734375,12.060773849487305,2.9185764312744142
136.62451171875,12.013818740844727,2.8799392700195314
135.86676025390625,11.926139831542969,2.8434383392333986
134.7670135498047,11.798445701599121,2.7939879417419435
133.99087524414062,11.701910972595215,2.7601930618286135
132.94956970214844,11.57708740234375,2.7185389518737795
131.3718719482422,11.400816917419434,2.6295711517333986
130.741943359375,11.327001571655273,2.6050817489624025
130.19078063964844,11.262704849243164,2.574929428100586
128.5985565185547,11.074060440063477,2.4904314994812013
127.22219848632812,10.918651580810547,2.353347969055176
126.33274841308594,10.785361289978027,2.3788763999938967
125.52911376953125,10.675126075744629,2.3438436508178713
125.06698608398438,10.617795944213867,2.3146860122680666
124.03990936279297,10.494572639465332,2.2630621910095217
122.988037109375,10.384363174438477,2.20607967376709
122.4374771118164,10.331347465515137,2.1806318283081056
120.63131713867188,10.133976936340332,2.0823692798614504
120.13516235351562,10.07462215423584,2.0491857051849367
118.97577667236328,9.951675415039062,1.978553009033203
117.63935852050781,9.806769371032715,1.9078139781951904
117.38188934326172,9.783108711242676,1.8975276470184326
117.38188934326172,9.783108711242676,1.8975276470184326
115.90618133544922,9.634055137634277,1.8153159141540527
114.96990966796875,9.550276756286621,1.770199728012085
114.54396057128906,9.510189056396484,1.7570933818817138
112.04276275634766,9.24460506439209,1.64049334526062
112.04276275634766,9.24460506439209,1.64049334526062
111.34162902832031,9.15829086303711,1.5988494873046875
110.54850769042969,9.065336227416992,1.5489725589752197
108.35153198242188,8.808296203613281,1.4317049503326416
107.88953399658203,8.759889602661133,1.409080696105957
107.88953399658203,8.759889602661133,1.409080696105957
106.81919860839844,8.662821769714355,1.287977647781372
106.81919860839844,8.662821769714355,1.287977647781372
106.81919860839844,8.662821769714355,1.287977647781372
104.76769256591797,8.414308547973633,1.2725092887878418
103.79896545410156,8.301959991455078,1.2232107639312744
101.74224090576172,8.08061695098877,1.1100370407104492
99.7508773803711,7.858262062072754,1.0309903144836425
98.64713287353516,7.732455730438232,0.9845144271850585
98.0647201538086,7.6714582443237305,0.95921630859375
96.14603424072266,7.435845851898193,0.8759395599365234
95.34075164794922,7.331650257110596,0.8463367938995361
94.48748779296875,7.225210666656494,0.8088950634002685
93.0689468383789,7.058907508850098,0.7530152320861816
92.21871185302734,6.955267906188965,0.7104734897613525
90.51750183105469,6.752114295959473,0.6386062622070312
89.31525421142578,6.61634635925293,0.5874611854553222
88.75013732910156,6.553184986114502,0.5662068843841552
87.3418197631836,6.370973110198975,0.5101701736450195
86.76797485351562,6.30534553527832,0.4840616703033447
85.38480377197266,6.145412921905518,0.4195234298706054
84.81695556640625,6.083403587341309,0.3948006153106689
83.97998809814453,5.988008499145508,0.3554522514343261
82.23619079589844,5.783484935760498,0.283972692489624
81.36630249023438,5.677192687988281,0.24372692108154292
81.05622863769531,5.641692638397217,0.2293023586273193
80.49442291259766,5.573501110076904,0.20988650321960445
78.08312225341797,5.307298183441162,0.11378593444824214
76.93645477294922,5.17759370803833,0.06301076412200923
75.73361206054688,5.054516792297363,-0.004035878181457564
74.80497741699219,4.9463276863098145,-0.040187048912048384
73.2710952758789,4.802943706512451,-0.12266974449157719
72.67476654052734,4.7359442710876465,-0.14766495227813725
72.4009780883789,4.7033843994140625,-0.15260808467864995
70.56256103515625,4.515595436096191,-0.22429709434509282
69.99462127685547,4.457692623138428,-0.25092916488647465
68.23114776611328,4.277035236358643,-0.319482970237732
67.62516021728516,4.215574264526367,-0.3382299423217774
66.46820068359375,4.092395782470703,-0.38105468750000004
65.28485870361328,3.9678802490234375,-0.4252714395523072
64.410888671875,3.871671199798584,-0.4683365106582642
61.87055969238281,3.605053186416626,-0.5507473230361939
61.29281997680664,3.5436289310455322,-0.5759150266647339
59.895442962646484,3.3928518295288086,-0.6209351301193238
59.0573616027832,3.3055202960968018,-0.6409169912338257
57.73701095581055,3.1597440242767334,-0.6937005996704102
56.8802604675293,3.070125102996826,-0.7183561801910401
55.590938568115234,2.9102249145507812,-0.75945143699646
55.0179443359375,2.842006206512451,-0.7813870191574097
54.23571014404297,2.751307725906372,-0.8110521912574769
53.426700592041016,2.6598880290985107,-0.8383941531181336
52.860050201416016,2.5904011726379395,-0.8486323833465577
51.22012710571289,2.3893628120422363,-0.9174860000610352
50.44283676147461,2.289769172668457,-0.9522089838981629
49.86748504638672,2.2117903232574463,-0.9740583181381226
48.506439208984375,2.02384877204895,-1.0432928085327149
47.62377166748047,1.8955947160720825,-1.0805063724517823
46.501888275146484,1.7284151315689087,-1.1376615047454834
45.4513053894043,1.585349202156067,-1.1855998516082764
44.673561096191406,1.4745242595672607,-1.2101985692977906
43.91677474975586,1.3723814487457275,-1.229162085056305
43.45784378051758,1.3154487609863281,-1.2578798413276673
41.530494689941406,1.0673836469650269,-1.3246467292308808
40.64836502075195,0.9687021374702454,-1.4400859951972962
40.22698974609375,0.8990947604179382,-1.3848701596260071
39.98263931274414,0.8655909299850464,-1.3950477421283722
38.9984245300293,0.7438042163848877,-1.43106769323349
38.19190216064453,0.6401368975639343,-1.4686122715473175
36.28085708618164,0.40205812454223633,-1.5376941740512848
34.97250747680664,0.24557718634605408,-1.5903670966625214
34.00124740600586,0.1265183985233307,-1.620109322667122
33.509403228759766,0.07137732207775116,-1.644877526164055
32.73674774169922,-0.02549368143081665,-1.6549571484327317
31.12192726135254,-0.22349299490451813,-1.7219464212656022
30.128387451171875,-0.3431903123855591,-1.7682889357209206
29.370529174804688,-0.44063326716423035,-1.7940512981265784
28.205764770507812,-0.5791510343551636,-1.8296184811741114
27.200298309326172,-0.7000319957733154,-1.86950643658638
26.490840911865234,-0.7822422981262207,-1.8880136117339135
25.995759963989258,-0.8402147889137268,-1.9097811982035637
25.01897430419922,-0.9506823420524597,-1.9371604651212693
23.128549575805664,-1.1966527700424194,-1.9934594213962555
22.588546752929688,-1.2621468305587769,-2.0114297449588774
21.20009994506836,-1.4296802282333374,-2.0596017718315123
20.299327850341797,-1.5467262268066406,-2.0815538346767424
19.61273956298828,-1.642037272453308,-2.1049396872520445
19.144210815429688,-1.7078226804733276,-2.1193777501583098
17.88581657409668,-1.878039836883545,-2.166953134536743
17.481168746948242,-1.9392578601837158,-2.1846054077148436
16.611337661743164,-2.06666898727417,-2.215680795907974
15.851873397827148,-2.1639575958251953,-2.2393994510173796
15.112311363220215,-2.2701141834259033,-2.2648897051811216
14.574951171875,-2.343409299850464,-2.2883834719657896
13.893457412719727,-2.435086488723755,-2.305217909812927
13.893457412719727,-2.435086488723755,-2.305217909812927
12.775187492370605,-2.5921270847320557,-2.3452563166618345
12.24348258972168,-2.6561663150787354,-2.3693155527114866
11.86561107635498,-2.7193968296051025,-2.3882202982902525
11.696812629699707,-2.737529754638672,-2.39560489654541
11.566912651062012,-2.755981922149658,-2.3977837443351744